<addon id="script.module.xbmcswift2" name="xbmcswift2" provider-name="Jonathan Beluch (jbel), enen92" version="13.0.4">
  <requires>
    <import addon="xbmc.python" version="2.14.0" />
  </requires>
  <extension library="lib" point="xbmc.python.module" />
  <extension point="xbmc.addon.metadata">
    <platform>all</platform>
    <source>https://github.com/XBMC-Addons/script.module.xbmcswift2</source>
    <license>GPL-3.0</license>
    <summary lang="en">xbmcswift2 is a small framework to ease development of KODI addons.</summary>
    <description lang="en">xbmcswift2 is a small framework to ease development of KODI addons.</description>
  </extension>
</addon>