<?xml version="1.0" encoding="UTF-8"?>
<addon
  id="visualization.g-force"
  version="1.0.0"
  name="G-Force"
  provider-name="Team XBMC">
  <requires>
    <c-pluff version="0.1"/>
  </requires>
  <extension
    point="xbmc.player.musicviz"
    library_xbox="g-force.vis"/>
  <extension point="xbmc.addon.metadata">
    <summary lang="en">G-Force visualizer</summary>
    <description lang="en">G-Force visualizer.</description>
    <platform>xbox</platform>
    <license>GPL-2.0</license>
    <source>https://github.com/xbmc4xbox/visualization.g-force</source>
    <assets>
      <icon>resources/icon.png</icon>
      <fanart>resources/fanart.png</fanart>
      <screenshot>resources/screenshot-01.png</screenshot>
      <screenshot>resources/screenshot-02.png</screenshot>
      <screenshot>resources/screenshot-03.png</screenshot>
    </assets>
  </extension>
</addon>
