<?xml version="1.0" encoding="UTF-8" standalone="yes"?>
<addon id="script.module.requests.lite" name="requestslite" version="1.0.0" provider-name="Python Software Foundation">
  <requires>
    <import addon="xbmc.python" version="2.25.0"/>
  </requires>
  <extension point="xbmc.python.module" library="lib" />
  <extension point="xbmc.addon.metadata">
    <summary lang="en_GB">Old version of popular requests HTTP library which is much more lightweight and suitable for Xbox.</summary>
    <description lang="en_GB">Requests is an elegant and simple HTTP library for Python, built for human beings.</description>
    <license>Apache-2.0</license>
    <platform>all</platform>
    <source>https://github.com/xbmc4xbox/script.module.requests.lite</source>
    <assets>
      <icon>resources/icon.png</icon>
    </assets>
  </extension>
</addon>
