<?xml version="1.0" encoding="UTF-8" standalone="yes"?>
<addon id="plugin.video.invidious" name="YouTube (Invidious)" version="1.0.0" provider-name="antonic901">
    <requires>
        <import addon="xbmc.python" version="2.25.0"/>
        <import addon="script.module.requests.lite" version="1.0.0"/>
    </requires>
    <extension point="xbmc.python.pluginsource" library="default.py">
        <provides>video</provides>
    </extension>
    <extension point="xbmc.addon.metadata">
        <assets>
            <icon>resources/icon.png</icon>
            <fanart>resources/fanart.jpg</fanart>
        </assets>
        <platform>all</platform>
        <license>GPL-2.0-only</license>
        <website>https://invidious.io/</website>
        <source>https://github.com/antonic901/plugin.video.invidious</source>
        <reuselanguageinvoker>true</reuselanguageinvoker>
        <summary lang="en_GB">Watch YouTube using Invidious</summary>
        <description lang="en_GB">YouTube is one of the biggest video-sharing websites of the world.</description>
        <disclaimer>It's recommended to use self-hosted Invidious instance!</disclaimer>
    </extension>
</addon>
