<?xml version="1.0" encoding="UTF-8" standalone="yes"?>
<addon id="script.program.xiso.installer" name="XISO to HDD Installer" version="1.0.0" provider-name="Rocky5">
  <requires>
    <import addon="xbmc.python" version="2.26.0" />
    <import addon="script.module.xbeinfo" version="1.0.0" />
  </requires>
  <extension point="xbmc.python.script" library="default.py">
    <provides>executable</provides>
  </extension>
  <extension point="xbmc.addon.metadata">
    <platform>xbox</platform>
    <summary lang="en_GB">Prepare XISO so it can be launched on Xbox.</summary>
    <description lang="en_GB">Used to prepare a XISO so it can be played from the Xbox HDD. It also extracts images and the xbe header so trainers work.</description>
    <disclaimer lang="en_GB">Original script by headphone</disclaimer>
    <language>en_GB</language>
    <license>GPL-2.0-only</license>
    <assets>
      <icon>resources/icon.png</icon>
    </assets>
  </extension>
</addon>
