<?xml version="1.0" encoding="UTF-8"?>
<addon
  id="visualization.goom"
  version="1.0.0"
  name="Goom"
  provider-name="Team XBMC">
  <requires>
    <c-pluff version="0.1"/>
  </requires>
  <extension
    point="xbmc.player.musicviz"
    library_xbox="Goom.vis"/>
  <extension point="xbmc.addon.metadata">
    <summary lang="de_DE">Goom 2k4 Visualisierung</summary>
    <summary lang="en_GB">Goom 2k4 Visualization</summary>
    <description lang="de_DE">Die Goom 2k4-Visualisierung unterstützt Effekte wie Tentakel, Blitz, Sterne, Feuerwerk, Wellen, Unschärfen und Glühen und enthält eine große Anzahl trippiger hypnotischer Effekte, die mit der Musik tanzen, wirbeln und knallen.</description>
    <description lang="en_GB">The Goom 2k4 visualization supports effects like Tentacles, Flash, Stars, Fireworks, Waves, Blurs and Glows and includes a large number of trippy hypnotic effects that dance, swirl and pop with the music,</description>
    <platform>xbox</platform>
    <license>GPL-2.0</license>
    <source>https://github.com/xbmc4xbox/visualization.goom</source>
    <assets>
      <icon>resources/icon.png</icon>
      <fanart>resources/fanart.png</fanart>
      <screenshot>resources/screenshot-01.jpg</screenshot>
      <screenshot>resources/screenshot-02.jpg</screenshot>
      <screenshot>resources/screenshot-03.jpg</screenshot>
      <screenshot>resources/screenshot-04.jpg</screenshot>
      <screenshot>resources/screenshot-05.jpg</screenshot>
    </assets>
  </extension>
</addon>
