﻿<?xml version="1.0" encoding="UTF-8"?>
<addon
  id="screensaver.matrixtrails"
  version="1.0.0"
  name="Matrix trails"
  provider-name="Team XBMC">
  <requires>
    <c-pluff version="0.1"/>
  </requires>
  <extension
    point="xbmc.ui.screensaver"
    library_xbox="MatrixTrails.xbs"/>
  <extension point="xbmc.addon.metadata">
    <summary lang="de_DE">Matrix Regen Bildschirmschoner</summary>
    <summary lang="en_GB">Matrix trails screensaver</summary>
    <description lang="de_DE">Der "digitale Regen" Effekt, wie er auf den Computermonitoren in "Matrix" zu sehen ist.</description>
    <description lang="en_GB">The "digital rain" effect, as seen on the computer monitors in "The Matrix".</description>
    <platform>xbox</platform>
    <license>GPL-2.0</license>
    <source>https://github.com/xbmc4xbox/screensaver.matrixtrails</source>
    <assets>
      <icon>resources/icon.png</icon>
      <fanart>resources/fanart.jpg</fanart>
      <screenshot>resources/screenshot-01.jpg</screenshot>
      <screenshot>resources/screenshot-02.jpg</screenshot>
      <screenshot>resources/screenshot-01.jpg</screenshot>
    </assets>
  </extension>
</addon>
