﻿<?xml version="1.0" encoding="UTF-8"?>
<addon
  id="screensaver.planestate"
  version="1.0.0"
  name="Planestate"
  provider-name="Team XBMC">
  <requires>
    <c-pluff version="0.1"/>
  </requires>
  <extension
    point="xbmc.ui.screensaver"
    library_xbox="Planestate.xbs"/>
  <extension point="xbmc.addon.metadata">
    <summary>Planestate screensaver</summary>
    <description>Planestate screensaver.</description>
    <platform>xbox</platform>
    <license>GPL-2.0</license>
    <source>https://github.com/xbmc4xbox/screensaver.planestate</source>
    <assets>
      <icon>resources/icon.png</icon>
      <fanart>resources/fanart.png</fanart>
      <screenshot>resources/screenshot-01.png</screenshot>
      <screenshot>resources/screenshot-02.png</screenshot>
      <screenshot>resources/screenshot-03.png</screenshot>
    </assets>
  </extension>
</addon>
