<?xml version="1.0" encoding="UTF-8"?>
<addon
  id="webinterface.xbmciphone"
  version="1.0.0"
  name="XBMC web interface - iPhone Remote"
  provider-name="tlrobinson">
  <requires>
    <import addon="xbmc.gui" version="5.12.0"/>
  </requires>
  <extension point="xbmc.webinterface"/>
  <extension point="xbmc.addon.metadata">
    <summary lang="en">iPhone Remote web interface</summary>
    <description lang="en">Browse and interact with your Music, Movies, TV Shows and more via an iPhone. Stream music and videos to your iPhone. Edit and manage your XBMC media library.</description>
    <platform>xbox</platform>
    <language>en</language>
    <source>https://github.com/xbmc4xbox/webinterface.xbmciphone</source>
    <forum>-</forum>
    <assets>
      <icon>resources/icon.png</icon>
      <fanart>resources/fanart.png</fanart>
      <screenshot>resources/screenshot-01.png</screenshot>
      <screenshot>resources/screenshot-02.png</screenshot>
      <screenshot>resources/screenshot-03.png</screenshot>
    </assets>
  </extension>
</addon>