﻿<?xml version="1.0" encoding="utf-8" standalone="yes"?>
<addon
  id="screensaver.asterwave"
  version="1.0.0"
  name="AsterWave"
  provider-name="Team XBMC">
  <requires>
    <c-pluff version="0.1"/>
  </requires>
  <extension
    point="xbmc.ui.screensaver"
    library_xbox="AsterWave.xbs"/>
  <extension point="xbmc.addon.metadata">
    <summary>AsterWave screensaver</summary>
    <description>A field of liquid that deforms realistically to changes in height using actual physics equations.

Asteron: This code is adapted from a project I did for a graphics course in 2000. In beta testing this has garnered a lot of praise and I hope for it to replace cpBlobs as the most popular screensaver.</description>
    <platform>xbox</platform>
    <license>GPL-2.0</license>
    <source>https://github.com/xbmc4xbox/screensaver.asterwave</source>
    <assets>
      <icon>resources/icon.png</icon>
      <fanart>resources/fanart.jpg</fanart>
      <screenshot>resources/screenshot-01.jpg</screenshot>
      <screenshot>resources/screenshot-02.jpg</screenshot>
      <screenshot>resources/screenshot-03.jpg</screenshot>
    </assets>
  </extension>
</addon>
