<?xml version="1.0" encoding="UTF-8"?>
<window>
	<defaultcontrol always="true">8</defaultcontrol>
	<controls>
		<control type="group">
			<animation effect="slide" start="1100,0" end="0,0" time="300" tween="quadratic" easing="out">WindowOpen</animation>
			<animation effect="slide" start="0,0" end="1100,0" time="300" tween="quadratic" easing="out">WindowClose</animation>
			<control type="image">
				<left>180</left>
				<top>0</top>
				<width>1120</width>
				<height>720</height>
				<texture border="15,0,0,0" flipx="true">MediaBladeSub.png</texture>
			</control>
			<control type="group">
				<animation effect="fade" delay="300" start="0" end="100" time="150">WindowOpen</animation>
				<animation effect="fade" start="100" end="0" time="150">WindowClose</animation>
				<control type="label">
					<description>header label</description>
					<left>210</left>
					<top>40</top>
					<width>1030</width>
					<height>30</height>
					<font>font24_title</font>
					<label>$INFO[Listitem.Title]</label>
					<align>center</align>
					<aligny>center</aligny>
					<textcolor>white</textcolor>
					<shadowcolor>black</shadowcolor>
				</control>
				<control type="group">
					<top>90</top>
					<left>210</left>
					<include>VisibleFadeEffect</include>
					<control type="image">
						<left>0</left>
						<top>0</top>
						<width>270</width>
						<height>380</height>
						<aspectratio>stretch</aspectratio>
						<bordertexture border="5">button-nofocus.png</bordertexture>
						<bordersize>4</bordersize>
						<texture background="true">$VAR[PosterThumb]</texture>
					</control>
					<control type="image">
						<left>4</left>
						<top>4</top>
						<width>200</width>
						<height>230</height>
						<aspectratio>stretch</aspectratio>
						<texture>GlassOverlay.png</texture>
						<colordiffuse>AAFFFFFF</colordiffuse>
					</control>
					<control type="list" id="49">
						<left>290</left>
						<top>-4</top>
						<width>740</width>
						<height>390</height>
						<onleft>49</onleft>
						<onright>49</onright>
						<onup>9000</onup>
						<ondown>61</ondown>
						<pagecontrol>-</pagecontrol>
						<scrolltime>200</scrolltime>
						<itemlayout height="30">
							<control type="label">
								<left>5</left>
								<top>0</top>
								<width>160</width>
								<height>30</height>
								<font>font13</font>
								<align>right</align>
								<aligny>center</aligny>
								<textcolor>blue</textcolor>
								<selectedcolor>selected</selectedcolor>
								<info>ListItem.Label</info>
							</control>
							<control type="label">
								<left>175</left>
								<top>0</top>
								<width>565</width>
								<height>30</height>
								<font>font13</font>
								<align>left</align>
								<aligny>center</aligny>
								<textcolor>white</textcolor>
								<selectedcolor>white</selectedcolor>
								<info>ListItem.Label2</info>
							</control>
						</itemlayout>
						<focusedlayout height="30">
							<control type="image">
								<left>0</left>
								<top>0</top>
								<width>740</width>
								<height>30</height>
								<visible>Control.HasFocus(49)</visible>
								<texture>MenuItemFO.png</texture>
								<include>VisibleFadeEffect</include>
							</control>
							<control type="label">
								<left>5</left>
								<top>0</top>
								<width>160</width>
								<height>30</height>
								<font>font13</font>
								<align>right</align>
								<aligny>center</aligny>
								<textcolor>blue</textcolor>
								<selectedcolor>selected</selectedcolor>
								<info>ListItem.Label</info>
							</control>
							<control type="label">
								<left>175</left>
								<top>0</top>
								<width>565</width>
								<height>30</height>
								<font>font13</font>
								<align>left</align>
								<aligny>center</aligny>
								<textcolor>white</textcolor>
								<selectedcolor>white</selectedcolor>
								<info>ListItem.Label2</info>
							</control>
						</focusedlayout>
						<content>
							<item>
								<label>$LOCALIZE[31991]:</label>
								<label2>$INFO[ListItem.Publisher]</label2>
								<onclick>noop</onclick>
								<visible>!String.IsEmpty(ListItem.Publisher) + String.IsEqual(ListItem.DBType,game)</visible>
							</item>
							<item>
								<label>$LOCALIZE[31992]:</label>
								<label2>$INFO[ListItem.Developer]</label2>
								<onclick>noop</onclick>
								<visible>!String.IsEmpty(ListItem.Developer) + String.IsEqual(ListItem.DBType,game)</visible>
							</item>
							<item>
								<label>$LOCALIZE[563]:</label>
								<label2>$INFO[ListItem.RatingAndVotes]</label2>
								<onclick>noop</onclick>
								<visible>!String.IsEmpty(ListItem.RatingAndVotes)</visible>
							</item>
							<item>
								<label>$LOCALIZE[515]:</label>
								<label2>$INFO[ListItem.Genre]</label2>
								<onclick>noop</onclick>
								<visible>!String.IsEmpty(ListItem.Genre) + String.IsEqual(ListItem.DBType,game)</visible>
							</item>
							<item>
								<label>$LOCALIZE[31994]:</label>
								<label2>$INFO[ListItem.Premiered]</label2>
								<onclick>noop</onclick>
								<visible>!String.IsEmpty(ListItem.Premiered)</visible>
							</item>
							<item>
								<label>$LOCALIZE[31998]:</label>
								<label2>$INFO[ListItem.Mpaa]</label2>
								<onclick>noop</onclick>
								<visible>!String.IsEmpty(ListItem.Mpaa)</visible>
							</item>
							<item>
								<label>$LOCALIZE[31993]:</label>
								<label2>$INFO[ListItem.Descriptor]</label2>
								<onclick>noop</onclick>
								<visible>!String.IsEmpty(ListItem.Descriptor) + String.IsEqual(ListItem.DBType,game)</visible>
							</item>
							<item>
								<label>$LOCALIZE[31995]:</label>
								<label2>$INFO[ListItem.GeneralFeature]</label2>
								<onclick>noop</onclick>
								<visible>!String.IsEmpty(ListItem.GeneralFeature) + String.IsEqual(ListItem.DBType,game)</visible>
							</item>
							<item>
								<label>$LOCALIZE[31996]:</label>
								<label2>$INFO[ListItem.OnlineFeature]</label2>
								<onclick>noop</onclick>
								<visible>!String.IsEmpty(ListItem.OnlineFeature) + String.IsEqual(ListItem.DBType,game)</visible>
							</item>
							<item>
								<label>$LOCALIZE[31997]:</label>
								<label2>$INFO[ListItem.Platform]</label2>
								<onclick>noop</onclick>
								<visible>!String.IsEmpty(ListItem.Platform) + String.IsEqual(ListItem.DBType,game)</visible>
							</item>
						</content>
					</control>
					<control type="image">
						<left>290</left>
						<top>382</top>
						<width>740</width>
						<height>4</height>
						<aspectratio>stretch</aspectratio>
						<texture>separator.png</texture>
					</control>
				</control>
				<control type="label">
					<right>130</right>
					<top>480</top>
					<width>400</width>
					<height>30</height>
					<font>font13_title</font>
					<textcolor>grey2</textcolor>
					<shadowcolor>black</shadowcolor>
					<scroll>true</scroll>
					<align>right</align>
					<aligny>center</aligny>
					<label>[COLOR=blue]$LOCALIZE[207][/COLOR]$INFO[Container(400).CurrentPage, ( $LOCALIZE[31024] ]$INFO[Container(400).NumPages,/, )]</label>
				</control>
				<control type="spincontrol" id="61">
					<description>Next page button</description>
					<left>120r</left>
					<top>485</top>
					<subtype>page</subtype>
					<font>-</font>
					<onleft>61</onleft>
					<onright>61</onright>
					<ondown>9000</ondown>
					<onup>49</onup>
					<textcolor>-</textcolor>
					<showonepage>true</showonepage>
				</control>
				<control type="textbox" id="400">
					<description>Description Value</description>
					<left>210</left>
					<top>527</top>
					<width>1030</width>
					<height>120</height>
					<font>font13</font>
					<align>justify</align>
					<textcolor>white</textcolor>
					<pagecontrol>61</pagecontrol>
					<label>$INFO[ListItem.Plot]</label>
					<autoscroll time="3000" delay="4000" repeat="5000">!Control.HasFocus(61) + Skin.HasSetting(AutoScroll)</autoscroll>
				</control>
				<control type="grouplist" id="9000">
					<left>210</left>
					<top>660</top>
					<width>1030</width>
					<height>40</height>
					<itemgap>2</itemgap>
					<align>center</align>
					<orientation>horizontal</orientation>
					<onleft>9000</onleft>
					<onright>9000</onright>
					<onup>61</onup>
					<ondown>49</ondown>
					<control type="togglebutton" id="8">
						<description>Play program</description>
						<include>ButtonInfoDialogsCommonValues</include>
						<label>208</label>
						<alttexturefocus border="2">button-focus.png</alttexturefocus>
						<alttexturenofocus border="2">button-nofocus.png</alttexturenofocus>
					</control>
					<control type="button" id="6">
						<description>Refresh</description>
						<include>ButtonInfoDialogsCommonValues</include>
						<label>184</label>
					</control>
					<control type="button" id="11">
						<description>Play Trailer</description>
						<include>ButtonInfoDialogsCommonValues</include>
						<label>20410</label>
						<visible>!String.IsEmpty(ListItem.Trailer)</visible>
					</control>
					<control type="button" id="12">
						<description>Settings</description>
						<include>ButtonInfoDialogsCommonValues</include>
						<label>21417</label>
					</control>
				</control>
			</control>
		</control>
		<control type="group">
			<include>Clock</include>
		</control>
	</controls>
</window>
