<?xml version="1.0" encoding="UTF-8" standalone="yes"?>
<addon id="script.module.websocket" name="websocket-client" version="0.59.0" provider-name="liris">
  <requires>
    <import addon="xbmc.python" version="2.26.0" />
    <import addon="script.module.six" version="1.13.0" />
  </requires>
  <extension point="xbmc.python.module" library="lib" />
  <extension point="xbmc.addon.metadata">
    <summary lang="en_GB">WebSocket client for Python with low level API options</summary>
    <description lang="en_GB">WebSocket client for Python with low level API options</description>
    <source>https://github.com/websocket-client/websocket-client</source>
    <website>https://github.com/websocket-client/websocket-client</website>
    <license>LGPL-2.1</license>
    <platform>all</platform>
    <assets>
      <icon>resources/icon.png</icon>
    </assets>
  </extension>
</addon>
