<?xml version="1.0" encoding="UTF-8"?>
<addon
  id="screensaver.drempels"
  version="1.0.0"
  name="Drempels"
  provider-name="Team XBMC">
  <requires>
    <c-pluff version="0.1"/>
  </requires>
  <extension
    point="xbmc.ui.screensaver"
    library_xbox="Drempels.xbs"/>
  <extension point="xbmc.addon.metadata">
    <platform>xbox</platform>
    <license>GPL-2.0-or-later</license>
    <source>https://github.com/xbmc4xbox/screensaver.drempels</source>
    <assets>
      <icon>resources/icon.png</icon>
      <fanart>resources/fanart.jpg</fanart>
      <screenshot>resources/screenshot-01.jpg</screenshot>
      <screenshot>resources/screenshot-02.jpg</screenshot>
      <screenshot>resources/screenshot-03.jpg</screenshot>
      <screenshot>resources/screenshot-04.jpg</screenshot>
      <screenshot>resources/screenshot-05.jpg</screenshot>
      <screenshot>resources/screenshot-06.jpg</screenshot>
    </assets>
    <summary lang="da_DK">Hallucinerende desktopforstærker</summary>
    <summary lang="de_DE">Halluzinatorischer Desktop-Enhancer</summary>
    <summary lang="en_GB">Hallucinatory desktop enhancer</summary>
    <summary lang="es_ES">Potenciador de escritorio alucinatorio</summary>
    <summary lang="he_IL">משפר הזיות בשולחן עבודה</summary>
    <summary lang="zh_CN">幻觉桌面增强器</summary>
    <description lang="da_DK">En hallucinerende desktopforstærker - væk dit tapet til live med yndefulde, hvirvlende billeder. Kører smukt som animeret tapet eller som en pauseskærm.</description>
    <description lang="de_DE">Ein halluzinatorischer Desktop-Enhancer – erweckt das Hintergrundbild mit anmutigen, wirbelnden Motiven zum Leben. Läuft wunderbar als animierter Bildschirmhintergrund oder als Bildschirmschoner.</description>
    <description lang="en_GB">A hallucinatory desktop enhancer - bring your wallpaper to life with graceful, swirling imagery. Runs beautifully as animated wallpaper, or as a screensaver.</description>
    <description lang="es_ES">Un alucinante potenciador de escritorio: dé vida a su fondo de pantalla con imágenes elegantes y arremolinadas. Funciona perfectamente como fondo de pantalla animado o como salvapantallas.</description>
    <description lang="he_IL">משפר הזיות בשולחן העבודה - מעורר את רקע המחשב שלך לחיים עם תמונות יפהפהיות מסתובבות. זמין כרקע מונפש או כשומר מסך.</description>
    <description lang="zh_CN">幻觉桌面增强器 - 以优雅、旋转的图像将您的壁纸带入生活。作为动画墙纸或屏幕保护程序运行良好。</description>
    <disclaimer lang="en_GB">This is an implementation based on original Drempels screensaver</disclaimer>
  </extension>
</addon>
