<?xml version="1.0" encoding="UTF-8" standalone="yes"?>
<addon id="repository.xbmc4xbox.org" name="XBMC Add-on repository" version="1.0.0" provider-name="Team XBMC">
    <extension point="xbmc.addon.repository" name="XBMC Add-on repository">
        <dir>
            <info compressed="false">https://raw.githubusercontent.com/xbmc4xbox/xbmc4xbox.github.io/master/repo/zips/addons.xml</info>
            <checksum>https://raw.githubusercontent.com/xbmc4xbox/xbmc4xbox.github.io/master/repo/zips/addons.xml.md5</checksum>
            <datadir zip="true">https://raw.githubusercontent.com/xbmc4xbox/xbmc4xbox.github.io/master/repo/zips/</datadir>
        </dir>
    </extension>
    <extension point="xbmc.addon.metadata">
        <summary lang="en_GB">Install Add-ons from XBMC.tv</summary>
        <description lang="en_GB">Download and install add-ons from the Official XBMC.tv add-on repository.[CR]  By using the official Repository you will be able to take advantage of our extensive file mirror service to help get you faster downloads from a region close to you.[CR]  All add-ons on this repository have under gone basic testing, if you find a broken or not working add-on please report it to Team XBMC so we can take any action needed.</description>
        <disclaimer lang="en_GB">Team XBMC did not make all the add-ons on this repository and are not responsible for their content</disclaimer>
        <platform>xbox</platform>
        <assets>
            <icon>icon.png</icon>
            <fanart>fanart.jpg</fanart>
        </assets>
    </extension>
</addon>