<?xml version="1.0" encoding="UTF-8"?>
<addon
  id="screensaver.asteroids"
  version="1.0.0"
  name="Asteroids"
  provider-name="Team XBMC">
  <requires>
    <c-pluff version="0.1"/>
  </requires>
  <extension
    point="xbmc.ui.screensaver"
    library_xbox="Asteroids.xbs"/>
  <extension point="xbmc.addon.metadata">
    <summary lang="en">Asteroids screensaver</summary>
    <summary lang="de">Asteroiden Bildschirmschoner</summary>
    <description lang="en">An old-style screen saver where the asteroids are shot away.</description>
    <description lang="de">Ein Bildschirmschoner im alten Stil, welcher die Asteroiden davon schießt.</description>
    <platform>xbox</platform>
    <license>GPL-2.0</license>
    <source>https://github.com/xbmc4xbox/screensaver.asteroids</source>
    <assets>
      <icon>resources/icon.png</icon>
      <fanart>resources/fanart.png</fanart>
      <screenshot>resources/screenshot-01.png</screenshot>
      <screenshot>resources/screenshot-02.png</screenshot>
      <screenshot>resources/screenshot-03.png</screenshot>
    </assets>
  </extension>
</addon>
